{
    "features": {
        "chroma_stft_mean": {
            "min": 0.1071077585220336,
            "max": 0.7494807839393616
        },
        "chroma_stft_var": {
            "min": 0.015344750136137,
            "max": 0.1209642887115478
        },
        "rms_mean": {
            "min": 0.0009534877026453,
            "max": 0.4425667524337768
        },
        "rms_var": {
            "min": 4.379534601639534e-08,
            "max": 0.0326152220368385
        },
        "spectral_centroid_mean": {
            "min": 472.7416363812982,
            "max": 5432.534406367859
        },
        "spectral_centroid_var": {
            "min": 811.881305070605,
            "max": 4794118.600272487
        },
        "spectral_bandwidth_mean": {
            "min": 499.162910224096,
            "max": 3708.147554476941
        },
        "spectral_bandwidth_var": {
            "min": 1183.520328093848,
            "max": 1235142.5131573672
        },
        "rolloff_mean": {
            "min": 658.3362755408654,
            "max": 9487.44647686298
        },
        "rolloff_var": {
            "min": 1145.101529783046,
            "max": 12983203.774324711
        },
        "zero_crossing_rate_mean": {
            "min": 0.013525390625,
            "max": 0.347705078125
        },
        "zero_crossing_rate_var": {
            "min": 5.022604789959609e-06,
            "max": 0.0651853790085696
        },
        "harmony_mean": {
            "min": -0.0266721360385417,
            "max": 0.0156880374997854
        },
        "harmony_var": {
            "min": 9.312308610806998e-23,
            "max": 0.1270515024662017
        },
        "perceptr_mean": {
            "min": -0.0087939305230975,
            "max": 0.0068187820725142
        },
        "perceptr_var": {
            "min": 4.672044795483998e-08,
            "max": 0.0588790923357009
        },
        "tempo": {
            "min": 24.37721108490566,
            "max": 287.109375
        },
        "mfcc1_mean": {
            "min": -662.171630859375,
            "max": 107.94131469726562
        },
        "mfcc1_var": {
            "min": 25.19053840637207,
            "max": 45027.375
        },
        "mfcc2_mean": {
            "min": -12.05339241027832,
            "max": 251.2124938964844
        },
        "mfcc2_var": {
            "min": 9.66593074798584,
            "max": 5131.9873046875
        },
        "mfcc3_mean": {
            "min": -104.24983215332033,
            "max": 80.8459243774414
        },
        "mfcc3_var": {
            "min": 2.05522894859314,
            "max": 4147.7861328125
        },
        "mfcc4_mean": {
            "min": -35.13849258422852,
            "max": 89.71733856201172
        },
        "mfcc4_var": {
            "min": 3.540372848510742,
            "max": 2303.751953125
        },
        "mfcc5_mean": {
            "min": -47.88677978515625,
            "max": 46.834205627441406
        },
        "mfcc5_var": {
            "min": 9.754140853881836,
            "max": 1558.9627685546875
        },
        "mfcc6_mean": {
            "min": -34.88926315307617,
            "max": 54.42584228515625
        },
        "mfcc6_var": {
            "min": 5.267810821533203,
            "max": 885.96875
        },
        "mfcc7_mean": {
            "min": -45.18701934814453,
            "max": 27.361026763916016
        },
        "mfcc7_var": {
            "min": 7.561506271362305,
            "max": 672.265869140625
        },
        "mfcc8_mean": {
            "min": -40.32346725463867,
            "max": 65.704345703125
        },
        "mfcc8_var": {
            "min": 6.899099826812744,
            "max": 545.3611450195312
        },
        "mfcc9_mean": {
            "min": -39.451751708984375,
            "max": 32.15958404541016
        },
        "mfcc9_var": {
            "min": 8.252313613891602,
            "max": 421.2079772949219
        },
        "mfcc10_mean": {
            "min": -32.83354568481445,
            "max": 58.58815383911133
        },
        "mfcc10_var": {
            "min": 7.58491325378418,
            "max": 481.9182739257813
        },
        "mfcc11_mean": {
            "min": -40.00819396972656,
            "max": 46.63076019287109
        },
        "mfcc11_var": {
            "min": 4.998892307281494,
            "max": 691.869140625
        },
        "mfcc12_mean": {
            "min": -23.75919532775879,
            "max": 51.12590026855469
        },
        "mfcc12_var": {
            "min": 2.345632553100586,
            "max": 574.6988525390625
        },
        "mfcc13_mean": {
            "min": -29.350500106811523,
            "max": 36.17296600341797
        },
        "mfcc13_var": {
            "min": 7.806117534637451,
            "max": 571.8694458007812
        },
        "mfcc14_mean": {
            "min": -23.39009094238281,
            "max": 34.733577728271484
        },
        "mfcc14_var": {
            "min": 3.2300734519958496,
            "max": 897.62841796875
        },
        "mfcc15_mean": {
            "min": -30.467086791992188,
            "max": 27.73974227905273
        },
        "mfcc15_var": {
            "min": 1.481917142868042,
            "max": 621.0962524414062
        },
        "mfcc16_mean": {
            "min": -26.85001564025879,
            "max": 39.14440536499024
        },
        "mfcc16_var": {
            "min": 1.325785994529724,
            "max": 683.9325561523438
        },
        "mfcc17_mean": {
            "min": -27.809795379638672,
            "max": 34.04884338378906
        },
        "mfcc17_var": {
            "min": 1.6245436668395996,
            "max": 529.3633422851562
        },
        "mfcc18_mean": {
            "min": -20.73380851745605,
            "max": 36.97032165527344
        },
        "mfcc18_var": {
            "min": 3.437439203262329,
            "max": 629.7297973632812
        },
        "mfcc19_mean": {
            "min": -27.448455810546875,
            "max": 31.36542510986328
        },
        "mfcc19_var": {
            "min": 3.0653021335601807,
            "max": 1143.2305908203125
        },
        "mfcc20_mean": {
            "min": -35.64065933227539,
            "max": 34.212100982666016
        },
        "mfcc20_var": {
            "min": 0.2821312546730041,
            "max": 910.4732055664062
        }
    },
    "labels": [
        "blues",
        "classical",
        "country",
        "disco",
        "hiphop",
        "jazz",
        "metal",
        "pop",
        "reggae",
        "rock"
    ],
    "split_duration": 66149,
    "sampling_rate": 22050,
    "audio_format": ".wav",
    "n_fft": 2048,
    "hop_length": 512
}