{
    "features": {
        "chroma_stft_mean": {
            "min": 0.2821312546730041,
            "max": 910.4732055664062
        },
        "chroma_stft_var": {
            "min": 0.2821312546730041,
            "max": 910.4732055664062
        },
        "rms_mean": {
            "min": 0.2821312546730041,
            "max": 910.4732055664062
        },
        "rms_var": {
            "min": 0.2821312546730041,
            "max": 910.4732055664062
        },
        "spectral_centroid_mean": {
            "min": 0.2821312546730041,
            "max": 910.4732055664062
        },
        "spectral_centroid_var": {
            "min": 0.2821312546730041,
            "max": 910.4732055664062
        },
        "spectral_bandwidth_mean": {
            "min": 0.2821312546730041,
            "max": 910.4732055664062
        },
        "spectral_bandwidth_var": {
            "min": 0.2821312546730041,
            "max": 910.4732055664062
        },
        "rolloff_mean": {
            "min": 0.2821312546730041,
            "max": 910.4732055664062
        },
        "rolloff_var": {
            "min": 0.2821312546730041,
            "max": 910.4732055664062
        },
        "zero_crossing_rate_mean": {
            "min": 0.2821312546730041,
            "max": 910.4732055664062
        },
        "zero_crossing_rate_var": {
            "min": 0.2821312546730041,
            "max": 910.4732055664062
        },
        "harmony_mean": {
            "min": 0.2821312546730041,
            "max": 910.4732055664062
        },
        "harmony_var": {
            "min": 0.2821312546730041,
            "max": 910.4732055664062
        },
        "tempo": {
            "min": 0.2821312546730041,
            "max": 910.4732055664062
        },
        "mfcc1_mean": {
            "min": 0.2821312546730041,
            "max": 910.4732055664062
        },
        "mfcc1_var": {
            "min": 0.2821312546730041,
            "max": 910.4732055664062
        },
        "mfcc2_mean": {
            "min": 0.2821312546730041,
            "max": 910.4732055664062
        },
        "mfcc2_var": {
            "min": 0.2821312546730041,
            "max": 910.4732055664062
        },
        "mfcc3_mean": {
            "min": 0.2821312546730041,
            "max": 910.4732055664062
        },
        "mfcc3_var": {
            "min": 0.2821312546730041,
            "max": 910.4732055664062
        },
        "mfcc4_mean": {
            "min": 0.2821312546730041,
            "max": 910.4732055664062
        },
        "mfcc4_var": {
            "min": 0.2821312546730041,
            "max": 910.4732055664062
        },
        "mfcc5_mean": {
            "min": 0.2821312546730041,
            "max": 910.4732055664062
        },
        "mfcc5_var": {
            "min": 0.2821312546730041,
            "max": 910.4732055664062
        },
        "mfcc6_mean": {
            "min": 0.2821312546730041,
            "max": 910.4732055664062
        },
        "mfcc6_var": {
            "min": 0.2821312546730041,
            "max": 910.4732055664062
        },
        "mfcc7_mean": {
            "min": 0.2821312546730041,
            "max": 910.4732055664062
        },
        "mfcc7_var": {
            "min": 0.2821312546730041,
            "max": 910.4732055664062
        },
        "mfcc8_mean": {
            "min": 0.2821312546730041,
            "max": 910.4732055664062
        },
        "mfcc8_var": {
            "min": 0.2821312546730041,
            "max": 910.4732055664062
        },
        "mfcc9_mean": {
            "min": 0.2821312546730041,
            "max": 910.4732055664062
        },
        "mfcc9_var": {
            "min": 0.2821312546730041,
            "max": 910.4732055664062
        },
        "mfcc10_mean": {
            "min": 0.2821312546730041,
            "max": 910.4732055664062
        },
        "mfcc10_var": {
            "min": 0.2821312546730041,
            "max": 910.4732055664062
        },
        "mfcc11_mean": {
            "min": 0.2821312546730041,
            "max": 910.4732055664062
        },
        "mfcc11_var": {
            "min": 0.2821312546730041,
            "max": 910.4732055664062
        },
        "mfcc12_mean": {
            "min": 0.2821312546730041,
            "max": 910.4732055664062
        },
        "mfcc12_var": {
            "min": 0.2821312546730041,
            "max": 910.4732055664062
        },
        "mfcc13_mean": {
            "min": 0.2821312546730041,
            "max": 910.4732055664062
        },
        "mfcc13_var": {
            "min": 0.2821312546730041,
            "max": 910.4732055664062
        },
        "mfcc14_mean": {
            "min": 0.2821312546730041,
            "max": 910.4732055664062
        },
        "mfcc14_var": {
            "min": 0.2821312546730041,
            "max": 910.4732055664062
        },
        "mfcc15_mean": {
            "min": 0.2821312546730041,
            "max": 910.4732055664062
        },
        "mfcc15_var": {
            "min": 0.2821312546730041,
            "max": 910.4732055664062
        },
        "mfcc16_mean": {
            "min": 0.2821312546730041,
            "max": 910.4732055664062
        },
        "mfcc16_var": {
            "min": 0.2821312546730041,
            "max": 910.4732055664062
        },
        "mfcc17_mean": {
            "min": 0.2821312546730041,
            "max": 910.4732055664062
        },
        "mfcc17_var": {
            "min": 0.2821312546730041,
            "max": 910.4732055664062
        },
        "mfcc18_mean": {
            "min": 0.2821312546730041,
            "max": 910.4732055664062
        },
        "mfcc18_var": {
            "min": 0.2821312546730041,
            "max": 910.4732055664062
        },
        "mfcc19_mean": {
            "min": 0.2821312546730041,
            "max": 910.4732055664062
        },
        "mfcc19_var": {
            "min": 0.2821312546730041,
            "max": 910.4732055664062
        },
        "mfcc20_mean": {
            "min": 0.2821312546730041,
            "max": 910.4732055664062
        },
        "mfcc20_var": {
            "min": 0.2821312546730041,
            "max": 910.4732055664062
        }
    },
    "length_of_records": 66149,
    "labels": {
        "blues": 0,
        "classical": 1,
        "country": 2,
        "disco": 3,
        "hiphop": 4,
        "jazz": 5,
        "metal": 6,
        "pop": 7,
        "reggae": 8,
        "rock": 9
    }
}